{"Game":"Stellaris","IsSelected":true,"MergedFolderName":null,"ModIds":[{"ParadoxId":null,"SteamId":1995601384},{"ParadoxId":null,"SteamId":2815767345},{"ParadoxId":null,"SteamId":2494712590},{"ParadoxId":null,"SteamId":2686810902},{"ParadoxId":null,"SteamId":931566593},{"ParadoxId":null,"SteamId":1913106900},{"ParadoxId":null,"SteamId":2790961377},{"ParadoxId":null,"SteamId":2786268200},{"ParadoxId":null,"SteamId":2871561309},{"ParadoxId":null,"SteamId":2790784609},{"ParadoxId":null,"SteamId":2802188203},{"ParadoxId":null,"SteamId":2801950004},{"ParadoxId":null,"SteamId":2895613344},{"ParadoxId":null,"SteamId":2791790642},{"ParadoxId":null,"SteamId":2788839315},{"ParadoxId":null,"SteamId":2461999384},{"ParadoxId":null,"SteamId":2459527909},{"ParadoxId":null,"SteamId":2648658105},{"ParadoxId":null,"SteamId":850721710},{"ParadoxId":null,"SteamId":1928831043},{"ParadoxId":null,"SteamId":1620838511},{"ParadoxId":null,"SteamId":2183551683},{"ParadoxId":null,"SteamId":2441507863},{"ParadoxId":null,"SteamId":946222466},{"ParadoxId":null,"SteamId":2436408502},{"ParadoxId":null,"SteamId":2811428998},{"ParadoxId":null,"SteamId":2893050129},{"ParadoxId":null,"SteamId":2574175110},{"ParadoxId":null,"SteamId":2027051983},{"ParadoxId":null,"SteamId":1998204784},{"ParadoxId":null,"SteamId":2717193796},{"ParadoxId":null,"SteamId":2806903835},{"ParadoxId":null,"SteamId":2517213262},{"ParadoxId":null,"SteamId":1592149666},{"ParadoxId":null,"SteamId":1455861246},{"ParadoxId":null,"SteamId":1419304439},{"ParadoxId":null,"SteamId":2857350778},{"ParadoxId":null,"SteamId":1793768254},{"ParadoxId":null,"SteamId":2077186491},{"ParadoxId":null,"SteamId":1121692237},{"ParadoxId":null,"SteamId":1649338884},{"ParadoxId":null,"SteamId":2434790082},{"ParadoxId":null,"SteamId":1641807098},{"ParadoxId":null,"SteamId":2807778592},{"ParadoxId":null,"SteamId":727000451},{"ParadoxId":null,"SteamId":1227620643},{"ParadoxId":null,"SteamId":1993869579},{"ParadoxId":null,"SteamId":1999328266},{"ParadoxId":null,"SteamId":865040033},{"ParadoxId":null,"SteamId":819148835},{"ParadoxId":null,"SteamId":1732437279},{"ParadoxId":null,"SteamId":2284514368},{"ParadoxId":null,"SteamId":1732447147},{"ParadoxId":null,"SteamId":1878751971},{"ParadoxId":null,"SteamId":1960179456},{"ParadoxId":null,"SteamId":1740165239},{"ParadoxId":null,"SteamId":2898623879},{"ParadoxId":null,"SteamId":1807850864},{"ParadoxId":null,"SteamId":2458945473},{"ParadoxId":null,"SteamId":2112120179},{"ParadoxId":null,"SteamId":1255082381},{"ParadoxId":null,"SteamId":908639878},{"ParadoxId":null,"SteamId":937289339},{"ParadoxId":null,"SteamId":1887282318},{"ParadoxId":null,"SteamId":2877569078},{"ParadoxId":null,"SteamId":1610578060},{"ParadoxId":null,"SteamId":2603957954},{"ParadoxId":null,"SteamId":1623423360},{"ParadoxId":null,"SteamId":1780481482},{"ParadoxId":null,"SteamId":1890399946},{"ParadoxId":null,"SteamId":1813390120},{"ParadoxId":null,"SteamId":2608435724},{"ParadoxId":null,"SteamId":2607042792},{"ParadoxId":null,"SteamId":1623423504},{"ParadoxId":null,"SteamId":1649442597},{"ParadoxId":null,"SteamId":1628912584},{"ParadoxId":null,"SteamId":1880893750},{"ParadoxId":null,"SteamId":1587178040},{"ParadoxId":null,"SteamId":1630649870},{"ParadoxId":null,"SteamId":2798297351},{"ParadoxId":null,"SteamId":2798300015},{"ParadoxId":null,"SteamId":1371678806},{"ParadoxId":null,"SteamId":1863512395},{"ParadoxId":null,"SteamId":2780180614},{"ParadoxId":null,"SteamId":2591166867},{"ParadoxId":null,"SteamId":2613761945},{"ParadoxId":null,"SteamId":2818810028},{"ParadoxId":null,"SteamId":2899261406},{"ParadoxId":null,"SteamId":2177145527},{"ParadoxId":null,"SteamId":1506079443},{"ParadoxId":null,"SteamId":2247594997},{"ParadoxId":null,"SteamId":682691478},{"ParadoxId":null,"SteamId":2785777242},{"ParadoxId":null,"SteamId":2649365808},{"ParadoxId":null,"SteamId":2461301192},{"ParadoxId":null,"SteamId":2739781509},{"ParadoxId":null,"SteamId":2512152163},{"ParadoxId":null,"SteamId":1355094979},{"ParadoxId":null,"SteamId":2114406543},{"ParadoxId":null,"SteamId":2074243614},{"ParadoxId":null,"SteamId":1506081421},{"ParadoxId":null,"SteamId":1312754313},{"ParadoxId":null,"SteamId":2873047219},{"ParadoxId":null,"SteamId":2769148429},{"ParadoxId":null,"SteamId":2110684379},{"ParadoxId":null,"SteamId":2458024521},{"ParadoxId":null,"SteamId":2805620150},{"ParadoxId":null,"SteamId":1683016739},{"ParadoxId":null,"SteamId":2466607238},{"ParadoxId":null,"SteamId":2475302050},{"ParadoxId":null,"SteamId":2407436476},{"ParadoxId":null,"SteamId":2807271222},{"ParadoxId":null,"SteamId":1199002146},{"ParadoxId":null,"SteamId":2807759164},{"ParadoxId":null,"SteamId":1595876588},{"ParadoxId":null,"SteamId":1688887083}],"ModNames":["~~Ariphaos Unofficial Patch (3.6)","Smarter Hyper Relays: Improved AI (shrimpAI)","StarTech AI","Penal Colony: Enhanced","OP Capital Systems","OP Capital Systems in the Wild","Spaceborne Civs Expanded","Under Siege","Electroids","Extended Plantoids","Extended Necroids","Extended Machines","Extended Lithoids","Extended Humanoids","Extended Aquatics","Psionic Species Expansion","Rapid Evolution for 3.x","Extra Ship Components NEXT","(-United Traits-)","Trait Diversity","z Expanded Traits, Civics, Pops, and More","Vassals Expanded and Reworked - FunEFork","Machine & Robot Expansion","Expanded Stellaris Traditions","Simple Traditions","Unique Ascension Perks 3.6 BETA","MPM - More Policies Mod","Expanded Espionage and Diplomacy","Basic Ordinary Origins","Even More Origins","Empires Expanded (formerly Civics Expanded+)","Government Variety Pack","Ethics & Civics: Bug Branch","Technology Repeated","Technology Ascendant","Ancient Cache of Technologies","Ad Astra Technology Mod 3.6","Guilli's Technologies","Machine Shipset","Gigastructural Engineering & More (3.6)","Masters of Nature","Civil Wars","Expanded Events","Extra Events 3.6","More Events Mod","Dynamic Political Events","Archaeology Story Pack","Precursor Story Pack","Guilli's Planet Modifiers and Features","Planetary Diversity","Planetary Diversity - Exotic Worlds","Planetary Diversity - Gaia Worlds","Planetary Diversity - More Arcologies","Planetary Diversity - Planetary Habitats","Planetary Diversity - Shroud Worlds","Planetary Diversity - Unique Worlds","Planetary Diversity + Guilli's Technologies Compatibility","Planetary Diversity - Reworked Habitability","Unlock More Building Slots","Improved Planetary Districts","Expanded Mandates","SpeedDial","Real Space 3.8","Real Space - System Scale","Brave Galactic Core","Tiny Outliner v2","Lots of Traditions - 48 Tradition Slots","UI Overhaul Dynamic","UI Overhaul Dynamic - Extended Topbar","UI Overhaul Dynamic - Ascension Slots","UI Overhaul Dynamic + Complete Colors","Lots of Traditions + UI Overhaul Dynamic","UI Overhaul Dynamic + Bug Branch","UI Overhaul Dynamic + Planetary Diversity","UI Overhaul Dynamic + SpeedDial","UI Overhaul Dynamic + Tiny Outliner v2","UI Overhaul Dynamic - Checksum Schism Version","Bigger Planet View","36 Building Slots","Sort Those Buildings","Sort Those Buildings - More Events Mod","Colossus Terraforming","Colossus Uninhabitables","Cross Border Trade","Automatic Pop Migration (3.6.*)","Gods & Guardians (3.X)","AA's Superstations (3.4)","AA's Starbase Overhaul (3.6)","Intervene: Help Friendly Nations - FunEFork","Softer Hyperlanes","Societal Advancement (fixed)","Cybrxkhan's Assortment of Namelists for Stellaris","Planetary Bugversity (PD + BB Patch)","Gigastructural Engineering - No Crisises","Gigastructural Engineering / System Scale Compatibility Patch","2 Times Faster Reinforcement Transit","Agreements Boost Diplomatic Weight","Claims Decay - Dynamic Diplomacy [3.6]","Lower Policies Cooldown","Longer Greetings Timer","Light Borders","Even Thinner Borders","Dosmod Colored Ethics Alternate and Bug Branch","Destructive Bombardment: Death from the Heavens","Influence Cap+","Dynamic Mod Menu [3.6.*]","Bug Branch/GVP Compatibility Patch","!Lots of Traditions - Slightly Reduced Tradition Costs","! Core Framework & Modmenu","! Better Performance & Utilities","! Immersive Beautiful Universe !","IBU hyperlane fix","! Reworked Advanced Ascension","! The Merger of Rules 3.6","!!!Universal Resource Patch [2.4+]","!!Universal Modifier Patch (3.6.*)"],"ModPaths":null,"Mods":["mod/ugc_1995601384.mod","mod/ugc_2815767345.mod","mod/ugc_2494712590.mod","mod/ugc_2686810902.mod","mod/ugc_931566593.mod","mod/ugc_1913106900.mod","mod/ugc_2790961377.mod","mod/ugc_2786268200.mod","mod/ugc_2871561309.mod","mod/ugc_2790784609.mod","mod/ugc_2802188203.mod","mod/ugc_2801950004.mod","mod/ugc_2895613344.mod","mod/ugc_2791790642.mod","mod/ugc_2788839315.mod","mod/ugc_2461999384.mod","mod/ugc_2459527909.mod","mod/ugc_2648658105.mod","mod/ugc_850721710.mod","mod/ugc_1928831043.mod","mod/ugc_1620838511.mod","mod/ugc_2183551683.mod","mod/ugc_2441507863.mod","mod/ugc_946222466.mod","mod/ugc_2436408502.mod","mod/ugc_2811428998.mod","mod/ugc_2893050129.mod","mod/ugc_2574175110.mod","mod/ugc_2027051983.mod","mod/ugc_1998204784.mod","mod/ugc_2717193796.mod","mod/ugc_2806903835.mod","mod/ugc_2517213262.mod","mod/ugc_1592149666.mod","mod/ugc_1455861246.mod","mod/ugc_1419304439.mod","mod/ugc_2857350778.mod","mod/ugc_1793768254.mod","mod/ugc_2077186491.mod","mod/ugc_1121692237.mod","mod/ugc_1649338884.mod","mod/ugc_2434790082.mod","mod/ugc_1641807098.mod","mod/ugc_2807778592.mod","mod/ugc_727000451.mod","mod/ugc_1227620643.mod","mod/ugc_1993869579.mod","mod/ugc_1999328266.mod","mod/ugc_865040033.mod","mod/ugc_819148835.mod","mod/ugc_1732437279.mod","mod/ugc_2284514368.mod","mod/ugc_1732447147.mod","mod/ugc_1878751971.mod","mod/ugc_1960179456.mod","mod/ugc_1740165239.mod","mod/ugc_2898623879.mod","mod/ugc_1807850864.mod","mod/ugc_2458945473.mod","mod/ugc_2112120179.mod","mod/ugc_1255082381.mod","mod/ugc_908639878.mod","mod/ugc_937289339.mod","mod/ugc_1887282318.mod","mod/ugc_2877569078.mod","mod/ugc_1610578060.mod","mod/ugc_2603957954.mod","mod/ugc_1623423360.mod","mod/ugc_1780481482.mod","mod/ugc_1890399946.mod","mod/ugc_1813390120.mod","mod/ugc_2608435724.mod","mod/ugc_2607042792.mod","mod/ugc_1623423504.mod","mod/ugc_1649442597.mod","mod/ugc_1628912584.mod","mod/ugc_1880893750.mod","mod/ugc_1587178040.mod","mod/ugc_1630649870.mod","mod/ugc_2798297351.mod","mod/ugc_2798300015.mod","mod/ugc_1371678806.mod","mod/ugc_1863512395.mod","mod/ugc_2780180614.mod","mod/ugc_2591166867.mod","mod/ugc_2613761945.mod","mod/ugc_2818810028.mod","mod/ugc_2899261406.mod","mod/ugc_2177145527.mod","mod/ugc_1506079443.mod","mod/ugc_2247594997.mod","mod/ugc_682691478.mod","mod/ugc_2785777242.mod","mod/ugc_2649365808.mod","mod/ugc_2461301192.mod","mod/ugc_2739781509.mod","mod/ugc_2512152163.mod","mod/ugc_1355094979.mod","mod/ugc_2114406543.mod","mod/ugc_2074243614.mod","mod/ugc_1506081421.mod","mod/ugc_1312754313.mod","mod/ugc_2873047219.mod","mod/ugc_2769148429.mod","mod/ugc_2110684379.mod","mod/ugc_2458024521.mod","mod/ugc_2805620150.mod","mod/ugc_1683016739.mod","mod/ugc_2466607238.mod","mod/ugc_2475302050.mod","mod/ugc_2407436476.mod","mod/ugc_2807271222.mod","mod/ugc_1199002146.mod","mod/ugc_2807759164.mod","mod/ugc_1595876588.mod","mod/ugc_1688887083.mod"],"Name":"Dihydroxyacetone Phosphate","PatchModEnabled":true}